Combinación 1,r
turb vs B05,0.8872992690443218
turb vs B06,0.8768273076667378
turb vs B08,0.8691491648787739
turb vs B07,0.867741462564186
turb vs B04,0.8270189037484472
turb vs B8A,0.7880881153894834
turb vs B03,0.6733582667992631
turb vs B02,0.614315290828127
turb vs B01,0.6113045573084988
turb vs B12,0.42920043881785125
turb vs B11,0.4094467521469879
