Correlación 2,r
ln_turb vs B05,0.7267068954711573
ln_turb vs B04,0.7033106347352749
ln_turb vs B06,0.6180934486234724
ln_turb vs B07,0.616370542105871
ln_turb vs B08,0.612987499940542
ln_turb vs B8A,0.4762773002199069
ln_turb vs B03,0.4536306459757986
ln_turb vs B02,0.3042996654087346
ln_turb vs B01,0.1978041197011998
ln_turb vs B12,0.032200911337442566
ln_turb vs B11,0.016469157658747957
