Combinación 2,r
ln_turb vs B05,0.8133669262678732
ln_turb vs B04,0.7524221668431555
ln_turb vs B06,0.7144464897966399
ln_turb vs B07,0.7079410577502449
ln_turb vs B08,0.7031171184388705
ln_turb vs B8A,0.6036618649631018
ln_turb vs B03,0.5143136264018329
ln_turb vs B02,0.4292680300218478
ln_turb vs B01,0.39170470428843457
ln_turb vs B12,0.24204987777889
ln_turb vs B11,0.2225100974408611
