Correlación 4,r
ln_turb vs ln_B05,0.7716709107152087
ln_turb vs ln_B04,0.7442238987519845
ln_turb vs ln_B06,0.6278055086217448
ln_turb vs ln_B07,0.6249766591015211
ln_turb vs ln_B08,0.6139887136977616
ln_turb vs ln_B8A,0.45824078447764666
ln_turb vs ln_B03,0.44558175832102803
ln_turb vs ln_B02,0.26490013445178
ln_turb vs ln_B01,0.1396025767877422
ln_turb vs ln_B12,-0.03795074667707973
ln_turb vs ln_B11,-0.04668080292990933
